{"cameraMode":{"drawMode":0,"name":"Shaded","section":"Shading Mode"},"sceneLighting":false,"audioPlay":false,"sceneViewState":{"showFog":true,"showMaterialUpdate":false,"showSkybox":false,"showFlares":true,"showImageEffects":true,"showParticleSystems":true},"in2DMode":false,"pivot":{"x":-108.97000122070313,"y":-0.21293187141418458,"z":9.810300827026368},"rotation":{"x":0.15586811304092408,"y":0.5540136694908142,"z":-0.1064743921160698,"w":0.8108289837837219},"size":8.36909008026123,"orthographic":false}