{"cameraMode":{"drawMode":0,"name":"Shaded","section":"Shading Mode"},"sceneLighting":false,"audioPlay":false,"sceneViewState":{"showFog":true,"showMaterialUpdate":false,"showSkybox":false,"showFlares":true,"showImageEffects":true,"showParticleSystems":true},"in2DMode":false,"pivot":{"x":101.8359375,"y":0.9818114638328552,"z":25.122201919555665},"rotation":{"x":-0.19747209548950196,"y":0.5146903395652771,"z":-0.12319385260343552,"w":-0.82518470287323},"size":7.662172794342041,"orthographic":false}