{"cameraMode":{"drawMode":0,"name":"Shaded","section":"Shading Mode"},"sceneLighting":false,"audioPlay":false,"sceneViewState":{"showFog":true,"showMaterialUpdate":false,"showSkybox":false,"showFlares":true,"showImageEffects":true,"showParticleSystems":true},"in2DMode":false,"pivot":{"x":-22.651702880859376,"y":2.175262451171875,"z":-11.673162460327149},"rotation":{"x":0.16218635439872743,"y":0.7621767520904541,"z":-0.20920556783676148,"w":0.5907806754112244},"size":1.675360083580017,"orthographic":false}