{"cameraMode":{"drawMode":0,"name":"Shaded","section":"Shading Mode"},"sceneLighting":false,"audioPlay":false,"sceneViewState":{"showFog":true,"showMaterialUpdate":false,"showSkybox":false,"showFlares":true,"showImageEffects":true,"showParticleSystems":true},"in2DMode":false,"pivot":{"x":-72.96678161621094,"y":-1.2414324283599854,"z":-14.603225708007813},"rotation":{"x":-0.1594478040933609,"y":0.6505027413368225,"z":-0.1423434466123581,"w":-0.7288134098052979},"size":6.805934429168701,"orthographic":false}