{"cameraMode":{"drawMode":0,"name":"Shaded","section":"Shading Mode"},"sceneLighting":false,"audioPlay":false,"sceneViewState":{"showFog":true,"showMaterialUpdate":false,"showSkybox":true,"showFlares":true,"showImageEffects":true,"showParticleSystems":true},"in2DMode":false,"pivot":{"x":-40.28935623168945,"y":21.148862838745118,"z":-7.476860523223877},"rotation":{"x":0.1648336499929428,"y":0.613257646560669,"z":-0.13283482193946839,"w":0.7609860897064209},"size":12.27238941192627,"orthographic":false}