{"cameraMode":{"drawMode":0,"name":"Shaded","section":"Shading Mode"},"sceneLighting":false,"audioPlay":false,"sceneViewState":{"showFog":true,"showMaterialUpdate":false,"showSkybox":true,"showFlares":true,"showImageEffects":true,"showParticleSystems":true},"in2DMode":false,"pivot":{"x":134.4132537841797,"y":707.2876586914063,"z":-41.322296142578128},"rotation":{"x":-0.006203786935657263,"y":-0.9716354608535767,"z":0.23500673472881318,"w":-0.025649843737483026},"size":149.38882446289063,"orthographic":false}