{"cameraMode":{"drawMode":0,"name":"Shaded","section":"Shading Mode"},"sceneLighting":false,"audioPlay":false,"sceneViewState":{"showFog":false,"showMaterialUpdate":false,"showSkybox":false,"showFlares":false,"showImageEffects":false,"showParticleSystems":false},"in2DMode":false,"pivot":{"x":-1.3287304639816285,"y":-0.42234712839126589,"z":9.576305389404297},"rotation":{"x":0.044258102774620059,"y":-0.8641272783279419,"z":0.49534276127815249,"w":0.07720690965652466},"size":1.5928610563278199,"orthographic":false}