{"cameraMode":{"drawMode":0,"name":"Shaded","section":"Shading Mode"},"sceneLighting":false,"audioPlay":false,"sceneViewState":{"showFog":true,"showMaterialUpdate":false,"showSkybox":true,"showFlares":true,"showImageEffects":true,"showParticleSystems":true},"in2DMode":false,"pivot":{"x":-0.037589073181152347,"y":-0.29845237731933596,"z":-4.803519248962402},"rotation":{"x":0.23715703189373017,"y":0.4564440846443176,"z":-0.12765033543109895,"w":0.8480099439620972},"size":20.1221866607666,"orthographic":false}