{"cameraMode":{"drawMode":0,"name":"Shaded","section":"Shading Mode"},"sceneLighting":true,"audioPlay":false,"sceneViewState":{"showFog":false,"showMaterialUpdate":false,"showSkybox":false,"showFlares":false,"showImageEffects":false,"showParticleSystems":false},"in2DMode":false,"pivot":{"x":-105.3674545288086,"y":4.973694324493408,"z":10.352303504943848},"rotation":{"x":-0.30306747555732729,"y":-0.6710435152053833,"z":0.5779525637626648,"w":-0.35188284516334536},"size":7.278156757354736,"orthographic":false}