{"cameraMode":{"drawMode":0,"name":"Shaded","section":"Shading Mode"},"sceneLighting":true,"audioPlay":false,"sceneViewState":{"showFog":false,"showMaterialUpdate":false,"showSkybox":false,"showFlares":false,"showImageEffects":false,"showParticleSystems":false},"in2DMode":false,"pivot":{"x":-54.582027435302737,"y":71.55509948730469,"z":-18.28158950805664},"rotation":{"x":-0.5674561858177185,"y":0.3294264078140259,"z":-0.26449403166770937,"w":-0.7067635655403137},"size":9.265360832214356,"orthographic":false}