{"cameraMode":{"drawMode":0,"name":"Shaded","section":"Shading Mode"},"sceneLighting":false,"audioPlay":false,"sceneViewState":{"showFog":true,"showMaterialUpdate":true,"showSkybox":true,"showFlares":true,"showImageEffects":true,"showParticleSystems":true},"in2DMode":false,"pivot":{"x":-98.66000366210938,"y":-0.658780038356781,"z":1.0502870082855225},"rotation":{"x":-0.3351932168006897,"y":-0.6232948303222656,"z":0.3362339735031128,"w":-0.621366024017334},"size":5.784612655639648,"orthographic":false}