{"cameraMode":{"drawMode":0,"name":"Shaded","section":"Shading Mode"},"sceneLighting":false,"audioPlay":false,"sceneViewState":{"showFog":true,"showMaterialUpdate":false,"showSkybox":true,"showFlares":true,"showImageEffects":true,"showParticleSystems":true},"in2DMode":false,"pivot":{"x":-52.0,"y":-3.3800015449523927,"z":-18.200008392333986},"rotation":{"x":-0.1798902451992035,"y":0.5489251017570496,"z":-0.12235327064990998,"w":-0.8070628643035889},"size":11.154595375061036,"orthographic":false}