{"cameraMode":{"drawMode":0,"name":"Shaded","section":"Shading Mode"},"sceneLighting":false,"audioPlay":false,"sceneViewState":{"showFog":true,"showMaterialUpdate":true,"showSkybox":true,"showFlares":true,"showImageEffects":true,"showParticleSystems":true},"in2DMode":false,"pivot":{"x":-1.6004276275634766,"y":0.03484876826405525,"z":-1.5065531730651856},"rotation":{"x":0.4333091378211975,"y":-0.5458264946937561,"z":0.39522138237953188,"w":0.5984286069869995},"size":0.9941151142120361,"orthographic":false}