{"cameraMode":{"drawMode":0,"name":"Shaded","section":"Shading Mode"},"sceneLighting":false,"audioPlay":false,"sceneViewState":{"showFog":true,"showMaterialUpdate":false,"showSkybox":true,"showFlares":true,"showImageEffects":true,"showParticleSystems":true},"in2DMode":false,"pivot":{"x":0.00007143616676330566,"y":0.38420259952545168,"z":-3.608179807662964},"rotation":{"x":-0.3501097857952118,"y":-0.6401758790016174,"z":0.4089790880680084,"w":-0.5480275750160217},"size":2.2433252334594728,"orthographic":false}