{"cameraMode":{"drawMode":0,"name":"Shaded","section":"Shading Mode"},"sceneLighting":false,"audioPlay":false,"sceneViewState":{"showFog":false,"showMaterialUpdate":false,"showSkybox":false,"showFlares":false,"showImageEffects":false,"showParticleSystems":false},"in2DMode":false,"pivot":{"x":3.9490230083465578,"y":-0.39075806736946108,"z":-4.665396213531494},"rotation":{"x":0.044258102774620059,"y":-0.8641272783279419,"z":0.49534276127815249,"w":0.07720690965652466},"size":7.572948455810547,"orthographic":false}