{"cameraMode":{"drawMode":0,"name":"Shaded","section":"Shading Mode"},"sceneLighting":false,"audioPlay":false,"sceneViewState":{"showFog":true,"showMaterialUpdate":true,"showSkybox":true,"showFlares":true,"showImageEffects":true,"showParticleSystems":true},"in2DMode":false,"pivot":{"x":-165.42881774902345,"y":245.5157928466797,"z":-114.17228698730469},"rotation":{"x":-0.3351932168006897,"y":-0.6232948303222656,"z":0.3362339735031128,"w":-0.621366024017334},"size":9.265361785888672,"orthographic":false}