{"cameraMode":{"drawMode":0,"name":"Shaded","section":"Shading Mode"},"sceneLighting":false,"audioPlay":false,"sceneViewState":{"showFog":true,"showMaterialUpdate":true,"showSkybox":true,"showFlares":true,"showImageEffects":true,"showParticleSystems":true},"in2DMode":false,"pivot":{"x":-89.45835876464844,"y":5.287281513214111,"z":0.44384652376174929},"rotation":{"x":0.028480038046836854,"y":0.967522144317627,"z":-0.2165658324956894,"w":0.12723612785339356},"size":6.916728496551514,"orthographic":false}