{"cameraMode":{"drawMode":0,"name":"Shaded","section":"Shading Mode"},"sceneLighting":false,"audioPlay":false,"sceneViewState":{"showFog":true,"showMaterialUpdate":true,"showSkybox":true,"showFlares":true,"showImageEffects":true,"showParticleSystems":true},"in2DMode":false,"pivot":{"x":-2.3000001907348635,"y":0.6600000858306885,"z":23.299999237060548},"rotation":{"x":0.4333091378211975,"y":-0.5458264946937561,"z":0.39522138237953188,"w":0.5984286069869995},"size":11.154597282409668,"orthographic":false}