{"cameraMode":{"drawMode":0,"name":"Shaded","section":"Shading Mode"},"sceneLighting":false,"audioPlay":false,"sceneViewState":{"showFog":true,"showMaterialUpdate":false,"showSkybox":true,"showFlares":true,"showImageEffects":true,"showParticleSystems":true},"in2DMode":false,"pivot":{"x":112.73004913330078,"y":-189.3722381591797,"z":38.43767166137695},"rotation":{"x":-0.29533296823501589,"y":-0.5741790533065796,"z":0.23321188986301423,"w":-0.7271238565444946},"size":334.4421691894531,"orthographic":false}