{"cameraMode":{"drawMode":0,"name":"Shaded","section":"Shading Mode"},"sceneLighting":false,"audioPlay":false,"sceneViewState":{"showFog":true,"showMaterialUpdate":true,"showSkybox":true,"showFlares":true,"showImageEffects":true,"showParticleSystems":true},"in2DMode":false,"pivot":{"x":-2.273089647293091,"y":0.07950574159622193,"z":-0.0072182416915893559},"rotation":{"x":0.4333091378211975,"y":-0.5458264946937561,"z":0.39522138237953188,"w":0.5984286069869995},"size":6.539123058319092,"orthographic":false}