{"cameraMode":{"drawMode":0,"name":"Shaded","section":"Shading Mode"},"sceneLighting":false,"audioPlay":false,"sceneViewState":{"showFog":true,"showMaterialUpdate":false,"showSkybox":true,"showFlares":true,"showImageEffects":true,"showParticleSystems":true},"in2DMode":false,"pivot":{"x":65.32637786865235,"y":-84.42616271972656,"z":63.43762969970703},"rotation":{"x":-0.23730644583702088,"y":-0.46683552861213686,"z":0.13162097334861756,"w":-0.8416805863380432},"size":361.3018493652344,"orthographic":false}