{"cameraMode":{"drawMode":0,"name":"Shaded","section":"Shading Mode"},"sceneLighting":false,"audioPlay":false,"sceneViewState":{"showFog":true,"showMaterialUpdate":false,"showSkybox":true,"showFlares":true,"showImageEffects":true,"showParticleSystems":true},"in2DMode":false,"pivot":{"x":0.019383549690246583,"y":0.0005123019218444824,"z":2.059596538543701},"rotation":{"x":-0.23730644583702088,"y":-0.46683552861213686,"z":0.13162097334861756,"w":-0.8416805863380432},"size":8.486567497253418,"orthographic":false}