{"cameraMode":{"drawMode":0,"name":"Shaded","section":"Shading Mode"},"sceneLighting":false,"audioPlay":false,"sceneViewState":{"showFog":true,"showMaterialUpdate":true,"showSkybox":true,"showFlares":true,"showImageEffects":true,"showParticleSystems":true},"in2DMode":false,"pivot":{"x":148.9708251953125,"y":-152.3960418701172,"z":258.6369323730469},"rotation":{"x":-0.24687668681144715,"y":-0.25980791449546816,"z":0.06889162212610245,"w":-0.9310240149497986},"size":334.44207763671877,"orthographic":false}