{"cameraMode":{"drawMode":0,"name":"Shaded","section":"Shading Mode"},"sceneLighting":false,"audioPlay":false,"sceneViewState":{"showFog":true,"showMaterialUpdate":false,"showSkybox":true,"showFlares":true,"showImageEffects":true,"showParticleSystems":true},"in2DMode":false,"pivot":{"x":-36.26483154296875,"y":-1.8000059127807618,"z":45.8283576965332},"rotation":{"x":0.23715703189373017,"y":0.4564440846443176,"z":-0.12765033543109895,"w":0.8480099439620972},"size":487.2341613769531,"orthographic":false}