{"cameraMode":{"drawMode":0,"name":"Shaded","section":"Shading Mode"},"sceneLighting":false,"audioPlay":false,"sceneViewState":{"showFog":true,"showMaterialUpdate":true,"showSkybox":true,"showFlares":true,"showImageEffects":true,"showParticleSystems":true},"in2DMode":false,"pivot":{"x":-20.115447998046876,"y":-1.9994993209838868,"z":-15.206756591796875},"rotation":{"x":-0.018323279917240144,"y":-0.9310574531555176,"z":0.3613412380218506,"w":-0.047209903597831729},"size":685.836181640625,"orthographic":false}