{"cameraMode":{"drawMode":0,"name":"Shaded","section":"Shading Mode"},"sceneLighting":true,"audioPlay":false,"sceneViewState":{"showFog":false,"showMaterialUpdate":false,"showSkybox":false,"showFlares":false,"showImageEffects":false,"showParticleSystems":false},"in2DMode":false,"pivot":{"x":-75.73999786376953,"y":-0.9938564300537109,"z":-12.746797561645508},"rotation":{"x":-0.14815044403076173,"y":-0.7744765877723694,"z":0.19693396985530854,"w":-0.5826272368431091},"size":6.916727066040039,"orthographic":false}