{"cameraMode":{"drawMode":0,"name":"Shaded","section":"Shading Mode"},"sceneLighting":false,"audioPlay":false,"sceneViewState":{"showFog":true,"showMaterialUpdate":true,"showSkybox":true,"showFlares":true,"showImageEffects":true,"showParticleSystems":true},"in2DMode":false,"pivot":{"x":-77.44999694824219,"y":-0.7982974052429199,"z":4.920120716094971},"rotation":{"x":-0.018323279917240144,"y":-0.9310574531555176,"z":0.3613412380218506,"w":-0.047209903597831729},"size":11.650089263916016,"orthographic":false}