{"cameraMode":{"drawMode":0,"name":"Shaded","section":"Shading Mode"},"sceneLighting":false,"audioPlay":false,"sceneViewState":{"showFog":true,"showMaterialUpdate":false,"showSkybox":true,"showFlares":true,"showImageEffects":true,"showParticleSystems":true},"in2DMode":false,"pivot":{"x":-68.14683532714844,"y":-2.1488285064697267,"z":-1.3032341003417969},"rotation":{"x":0.23715703189373017,"y":0.4564440846443176,"z":-0.12765033543109895,"w":0.8480099439620972},"size":11.086520195007325,"orthographic":false}