{"cameraMode":{"drawMode":0,"name":"Shaded","section":"Shading Mode"},"sceneLighting":true,"audioPlay":false,"sceneViewState":{"showFog":false,"showMaterialUpdate":false,"showSkybox":false,"showFlares":false,"showImageEffects":false,"showParticleSystems":false},"in2DMode":false,"pivot":{"x":-88.4444580078125,"y":-27.386241912841798,"z":714.8817138671875},"rotation":{"x":-0.0208551324903965,"y":0.11786514520645142,"z":-0.0024756367783993484,"w":-0.9928075671195984},"size":8.310693740844727,"orthographic":false}