{"cameraMode":{"drawMode":0,"name":"Shaded","section":"Shading Mode"},"sceneLighting":false,"audioPlay":false,"sceneViewState":{"showFog":true,"showMaterialUpdate":false,"showSkybox":true,"showFlares":true,"showImageEffects":true,"showParticleSystems":true},"in2DMode":false,"pivot":{"x":4.777191162109375,"y":0.03217989206314087,"z":4.603794097900391},"rotation":{"x":-0.43139052391052248,"y":0.2852039635181427,"z":-0.14588342607021333,"w":-0.8433735370635986},"size":20.159605026245118,"orthographic":false}