{"cameraMode":{"drawMode":0,"name":"Shaded","section":"Shading Mode"},"sceneLighting":false,"audioPlay":false,"sceneViewState":{"showFog":true,"showMaterialUpdate":true,"showSkybox":true,"showFlares":true,"showImageEffects":true,"showParticleSystems":true},"in2DMode":false,"pivot":{"x":-22.651702880859376,"y":1.675262451171875,"z":-11.761162757873536},"rotation":{"x":0.15971848368644715,"y":-0.8017812371253967,"z":0.5207294821739197,"w":0.24592213332653047},"size":22.0,"orthographic":false}