{"cameraMode":{"drawMode":0,"name":"Shaded","section":"Shading Mode"},"sceneLighting":false,"audioPlay":false,"sceneViewState":{"showFog":true,"showMaterialUpdate":false,"showSkybox":true,"showFlares":true,"showImageEffects":true,"showParticleSystems":true},"in2DMode":false,"pivot":{"x":-78.14324951171875,"y":-37.6845817565918,"z":-5.862027168273926},"rotation":{"x":0.2625502347946167,"y":-0.6765810251235962,"z":0.6269104480743408,"w":0.28335297107696535},"size":61.513023376464847,"orthographic":false}