{"cameraMode":{"drawMode":0,"name":"Shaded","section":"Shading Mode"},"sceneLighting":false,"audioPlay":false,"sceneViewState":{"showFog":true,"showMaterialUpdate":true,"showSkybox":true,"showFlares":true,"showImageEffects":true,"showParticleSystems":true},"in2DMode":false,"pivot":{"x":10.522064208984375,"y":115.49885559082031,"z":59.70000457763672},"rotation":{"x":0.0860300362110138,"y":-0.5282512307167053,"z":0.053910333663225177,"w":0.8429965972900391},"size":1633.9683837890625,"orthographic":false}