{"cameraMode":{"drawMode":0,"name":"Shaded","section":"Shading Mode"},"sceneLighting":false,"audioPlay":false,"sceneViewState":{"showFog":true,"showMaterialUpdate":true,"showSkybox":true,"showFlares":true,"showImageEffects":true,"showParticleSystems":true},"in2DMode":false,"pivot":{"x":-105.72208404541016,"y":7.728336334228516,"z":-161.65782165527345},"rotation":{"x":-0.005348869599401951,"y":0.9942022562026978,"z":-0.08942572772502899,"w":-0.059467513114213946},"size":9.010635375976563,"orthographic":false}