{"cameraMode":{"drawMode":0,"name":"Shaded","section":"Shading Mode"},"sceneLighting":false,"audioPlay":false,"sceneViewState":{"showFog":true,"showMaterialUpdate":false,"showSkybox":true,"showFlares":true,"showImageEffects":true,"showParticleSystems":true},"in2DMode":false,"pivot":{"x":4.777191162109375,"y":0.03217989206314087,"z":4.603794097900391},"rotation":{"x":-0.3175068497657776,"y":-0.37806299328804018,"z":0.1398531198501587,"w":-0.8583117127418518},"size":20.159605026245118,"orthographic":false}